1,5781,128.2888753,58.47084588,0.890095088,5954,85.79392641,0.674090485,316.756,0.724040956,2.194065664,1
2,4176,109.3482943,49.8376875,0.890097511,4277,72.91809336,0.596230725,260.346,0.774227397,2.194088445,1
3,4555,114.4279914,52.15120679,0.890104916,4706,76.15514511,0.776641091,279.606,0.732158776,2.194158073,1
4,4141,108.7011905,49.45734894,0.890499394,4236,72.61187888,0.633180428,260.478,0.7669605,2.19787742,1
5,5273,122.7478685,55.75784788,0.890875797,5431,81.93773318,0.66984248,302.73,0.72303066,2.201445593,1
6,5371,123.9435304,56.23539815,0.891145369,5531,82.69564435,0.734144341,297.114,0.764572695,2.204012677,1
7,6332,135.2490597,61.31214783,0.891343917,6528,89.78949157,0.579747299,328.799,0.736020303,2.205909669,1
8,5595,126.2920083,57.23821435,0.891398089,5745,84.40245999,0.621045621,303.285,0.764377848,2.206428166,1
9,4664,115.8597799,52.49343954,0.891471219,4826,77.06094495,0.712169797,282.98,0.73190872,2.207128755,1
10,5762,128.4823393,58.16517707,0.891658061,5932,85.65282399,0.659871736,312.678,0.740608116,2.208922,1
11,4249,110.4531344,49.99383017,0.891701055,4325,73.55266702,0.833791209,261.568,0.780418169,2.209335313,1
12,4544,115.4135356,52.22960782,0.891742494,4763,76.0631349,0.73814165,282.086,0.717604447,2.209733911,1
13,4204,111.3236714,50.30696932,0.892069502,4355,73.16214216,0.50263032,273.607,0.705696824,2.212887655,1
14,5258,123.1084563,55.62897901,0.892083959,5429,81.82110685,0.65235732,297.503,0.746530828,2.213027428,1
15,5580,227.1054624,57.26437529,0.89276307,5773,84.28924403,0.669867947,311.868,0.720945495,2.219625409,1
16,5753,227.9285827,57.61755431,0.892832715,5889,85.5859048,0.639222222,310.522,0.749755204,2.220305672,1
17,5471,125.8384269,56.6555965,0.892915178,5769,83.46192874,0.566356108,322.299,0.661848613,2.221112029,1
18,4881,119.9345923,53.99067461,0.892944052,5112,78.83325579,0.508225739,299.044,0.685880547,2.221394586,1
19,5576,126.6443526,56.98484397,0.893048905,5689,84.25902742,0.569851814,302.164,0.76744487,2.222421679,1
20,5349,124.4496928,55.95378028,0.893225157,5464,82.52610693,0.670300752,298.048,0.756676137,2.224151651,1
21,4417,113.719943,51.08260448,0.89343297,4601,74.9926601,0.528855364,281.478,0.700564861,2.226197042,1
22,4802,118.0428891,53.01542506,0.893471435,4923,78.19268696,0.823670669,279.034,0.775028673,2.226576302,1
23,5008,120.1405384,53.7163328,0.894477747,5109,79.85226133,0.82517713,285.494,0.772111842,2.236573722,1
24,5350,124.8235842,55.73978445,0.894759429,5474,82.53382073,0.604519774,294.808,0.77354417,2.239398401,1
25,5254,123.6906866,55.22951728,0.894777074,5425,81.78997841,0.689863445,302.928,0.719483929,2.239575732,1
26,4460,113.3293145,50.34002156,0.895931416,4552,75.35680705,0.564199874,267.759,0.78172962,2.251276639,1
27,5526,127.5101183,56.60794623,0.896052223,5626,83.88040131,0.526988365,302.131,0.760729343,2.252512709,1
28,3882,106.1158346,47.02590414,0.896444345,3973,70.30445158,0.803726708,249.213,0.785459883,2.256540017,1
29,4954,120.6979911,53.45390584,0.896584255,5084,79.42058111,0.827183169,284.145,0.771055838,2.257982635,1
30,6083,133.6271788,59.12347743,0.896792686,6219,88.00634154,0.673792645,317.226,0.75960905,2.260137337,1
31,4999,121.5526062,53.70860038,0.897086591,5293,79.78047684,0.595119048,318.791,0.61813153,2.263187001,1
32,3662,103.894842,45.88286667,0.897198277,3773,68.28325719,0.796086957,251.355,0.728371839,2.264349408,1
33,4812,118.8853189,52.45069063,0.897415056,4957,78.27406141,0.580878803,283.809,0.750728936,2.266611124,1
34,4657,117.7277342,51.92222212,0.897489191,4788,77.00309448,0.564553279,284.222,0.724437161,2.267386283,1
35,5250,124.2806183,54.81120375,0.897493458,5332,81.75883811,0.542355372,291.454,0.776656761,2.267430923,1
36,5347,125.3970223,55.30187602,0.897500092,5497,82.51067716,0.565221987,299.788,0.74763833,2.267500333,1
37,5985,132.7895598,58.55567096,0.897523846,6140,87.29455123,0.676729986,316.69,0.749903393,2.267748924,1
38,4881,119.4916115,52.69032762,0.897529607,4995,78.83325579,0.627700617,280.5,0.779566092,2.267809234,1
39,5667,129.0742991,56.91197897,0.897544356,5791,84.94379612,0.642954391,305.872,0.761173449,2.267963643,1
40,5555,129.0807906,56.88186745,0.897669803,5787,84.10021207,0.526041667,321.58,0.675018795,2.269278355,1
41,6776,141.1236288,62.17534592,0.897716491,6943,92.8841814,0.579343365,337.028,0.749637485,2.269768294,1
42,5110,122.2136145,53.73494502,0.898154243,5245,80.66135428,0.753020925,287.462,0.77708742,2.274378701,1
43,5117,123.8644522,54.4293035,0.898278625,5225,80.71658287,0.780625477,293.548,0.746220249,2.275694235,1
44,5138,123.991228,54.48500011,0.898278672,5304,80.88204239,0.54485684,297.24,0.730784721,2.275694736,1
45,4179,118.5822997,52.06616637,0.898451884,5019,72.9442805,0.418947368,448.305,0.261297389,2.277530842,1
46,4023,109.419762,48.03406538,0.898492465,4120,71.56984483,0.840928094,262.097,0.735928796,2.277961715,1
47,6213,135.1197917,59.31434447,0.898498792,6370,88.94176348,0.599132112,319.883,0.763007658,2.278028913,1
48,5680,128.6306201,56.4069029,0.898722176,5859,85.04117011,0.64137308,319.702,0.698340924,2.280405651,1
49,5259,125.1644596,54.67086487,0.899562415,5435,81.82888711,0.642124542,298.057,0.743899699,2.289417954,1
50,5442,126.8097594,55.35515604,0.899693942,5528,83.2404325,0.791563636,297.395,0.773216435,2.290839165,1
51,4196,111.7977586,48.8009917,0.899698745,4290,73.09249708,0.537948718,264.64,0.752894922,2.290891123,1
52,3638,103.7527928,45.26165673,0.899827836,3723,68.05913211,0.559950747,242.294,0.778730598,2.292288889,1
53,5256,124.904374,54.45602198,0.899955528,5353,81.80554411,0.591891892,292.906,0.769854556,2.293674225,1
54,5374,126.4776571,55.08589466,0.900170082,5526,82.71873617,0.537937938,300.022,0.750241913,2.29600804,1
55,6136,134.4606566,58.54608192,0.900230224,6341,88.38890115,0.56293578,346.308,0.642939586,2.296663622,1
56,5228,124.5148772,54.21520552,0.900231555,5366,81.58735404,0.71420765,295.253,0.753627617,2.296678136,1
57,6083,134.8275164,58.57195048,0.900709775,6201,88.00634154,0.536136083,317.671,0.757482389,2.301912694,1
58,5124,124.9396755,54.2487085,0.900816877,5391,80.7717737,0.538235294,308.355,0.677200071,2.303090322,1
59,4337,113.7689435,49.39653936,0.900824698,4453,74.31042932,0.545260246,269.387,0.751010516,2.303176396,1
60,6171,135.8597438,58.81014204,0.901454467,6380,88.64062968,0.737275986,321.246,0.751432462,2.310141398,1
61,6623,140.4063965,60.77690138,0.901459146,6811,91.82954592,0.559138877,341.702,0.712803096,2.3101934,1
62,5862,133.2444458,57.58988352,0.9017719,6053,86.39288287,0.546064276,322.15,0.709805576,2.313677987,1
63,5089,123.5226615,53.34879907,0.901923974,5244,80.49544113,0.647043865,293.36,0.743088467,2.315378484,1
64,5791,131.629047,56.84208808,0.901952409,5938,85.86809771,0.803747398,316.987,0.724236695,2.315696898,1
65,4722,119.0063356,51.3813348,0.901991908,4820,77.53861703,0.564832536,278.741,0.763719957,2.316139432,1
66,4019,110.1418199,47.54017615,0.90205221,4122,71.53425564,0.552971932,257.486,0.761764323,2.316815562,1
67,5455,128.2147081,55.33510202,0.902073926,5627,83.33979672,0.734779095,306.914,0.727731578,2.317059217,1
68,4873,120.8171894,52.10565058,0.902219665,4974,78.76862511,0.587108434,283.668,0.761001621,2.318696496,1
69,5555,129.0205405,55.63227728,0.902261482,5733,84.10021207,0.749662618,305.326,0.748800888,2.31916698,1
70,4555,118.0977083,50.90915187,0.902315363,4731,76.15514511,0.707298137,283.186,0.713764078,2.319773635,1
71,6375,138.0376883,59.49805441,0.90233874,6542,90.09385161,0.699626866,331.535,0.728838468,2.32003701,1
72,3991,109.8486599,47.31982512,0.902460367,4119,71.28463385,0.727223032,261.089,0.735723185,2.321408831,1
73,5267,126.3149145,54.41165575,0.902465603,5382,81.89110258,0.851163542,296.211,0.754346393,2.321467942,1
74,6381,139.0922395,59.90157146,0.902513877,6651,90.13623874,0.538208502,339.413,0.696051965,2.322013197,1
75,3799,107.4901282,46.23892946,0.902748339,3923,69.54881042,0.526104418,256.222,0.727187364,2.324667319,1
76,4491,123.0370935,52.89732251,0.902862282,5426,75.6182438,0.535982814,434.235,0.299297624,2.325960705,1
77,5633,130.2621314,55.96028775,0.903020474,5756,84.68859637,0.682787879,305.169,0.760096593,2.327760214,1
78,4335,114.9435821,49.37002437,0.903059593,4479,74.29329328,0.747413793,280.136,0.694162454,2.328205903,1
79,5263,125.9803048,54.10522429,0.903079379,5381,81.86000076,0.579306549,292.518,0.772926226,2.328431431,1
80,3571,104.3276353,44.80273426,0.90309414,3688,67.429507,0.546693203,249.248,0.72233116,2.328599738,1
81,5447,129.0803,55.39471737,0.903233579,5651,83.27866353,0.665079365,310.785,0.708675046,2.330191507,1
82,5559,130.0598902,55.81294139,0.903241493,5696,84.13048573,0.810586177,307.947,0.736638788,2.330281955,1
83,6717,143.9124976,61.6740398,0.90351695,6988,92.47891664,0.706755051,353.285,0.676292881,2.333437182,1
84,4745,119.8611577,51.35134765,0.903578014,4840,77.72722586,0.792285857,278.571,0.768376855,2.334138503,1
85,5086,124.6260959,53.36725831,0.903675005,5205,80.47171133,0.635432284,293.409,0.742402383,2.335253858,1
86,5427,128.0663147,54.83162027,0.903707581,5557,83.12563389,0.584806035,300.597,0.754745273,2.335628859,1
87,5601,130.4379451,55.81780631,0.903813708,5752,84.44770388,0.676449275,308.667,0.738745817,2.33685187,1
88,5230,125.6229894,53.74148331,0.903873539,5349,81.6029584,0.845184228,294.789,0.756291127,2.33754228,1
89,6601,141.7730175,60.63224136,0.903934354,6832,91.67690132,0.737871675,347.364,0.687464035,2.338244708,1
90,5369,127.2987968,54.43345386,0.903966238,5576,82.68024622,0.6162764,310.778,0.698558422,2.338613257,1
91,6659,142.34725,60.86592873,0.903973886,6882,92.07878218,0.558125891,353.032,0.671414526,2.338701684,1
92,4761,120.7373788,51.59419579,0.90409771,4881,77.85816253,0.531124498,283.33,0.74528593,2.340134912,1
93,4808,121.0657867,51.71361378,0.904179361,4928,78.24152178,0.506852203,287.874,0.729070353,2.341081542,1
94,3992,109.7155482,46.81157756,0.904410629,4120,71.29356396,0.611613299,260.462,0.739454838,2.343769511,1
95,5068,124.2348815,52.99859978,0.904440404,5159,80.32918531,0.533249158,288.12,0.767184214,2.344116298,1
96,4393,115.2274784,49.14862456,0.904470763,4493,74.78864433,0.69487504,268.805,0.764005319,2.344470053,1
97,4737,120.1209915,51.18395809,0.904674487,4855,77.66167474,0.592717718,280.459,0.756788434,2.346848427,1
98,5229,125.5654589,53.47694772,0.904775419,5350,81.59515659,0.578429204,292.22,0.769500016,2.348029651,1
99,5047,124.084748,52.77875015,0.905031579,5174,80.16258468,0.570411392,291.699,0.745372367,2.35103612,1
100,5204,125.5864509,53.40982683,0.905060258,5302,81.39986849,0.575663717,292.196,0.765946823,2.35137349,1
101,4262,113.529303,48.27920161,0.905072347,4355,73.66509988,0.650289899,265.142,0.761844354,2.35151575,1
102,5172,125.3959043,53.30208661,0.905160295,5331,81.14921395,0.560832791,305.701,0.695464012,2.352551509,1
103,5910,134.2316812,57.05443377,0.905172469,6093,86.74586854,0.531283711,321.441,0.718778046,2.352695003,1
104,6829,144.9073336,61.56537661,0.905258916,7092,93.24673105,0.575412875,357.414,0.67177503,2.353714728,1
105,4425,115.5183228,49.06249966,0.905326557,4514,75.06054213,0.609504132,270.072,0.762366875,2.354513601,1
106,4634,118.805766,50.43880144,0.90540523,4726,76.81270761,0.525933492,278.57,0.750407568,2.355443876,1
107,4394,116.2937463,49.33311864,0.905563246,4511,74.79715609,0.532218992,274.946,0.730424118,2.357315927,1
108,5497,129.7610596,55.03706832,0.905595865,5686,83.66001301,0.646021859,307.543,0.730338017,2.357702973,1
109,5230,127.0159877,53.86276766,0.90563274,5412,81.6029584,0.741213152,297.081,0.744666469,2.358140757,1
110,6349,139.9708612,59.254473,0.905973527,6537,89.90994311,0.78547569,334.743,0.712019984,2.362199074,1
111,5655,130.9221608,55.39486495,0.906076934,5756,84.85381326,0.747620307,304.449,0.76667865,2.363434967,1
112,7074,147.138743,62.21498302,0.906208044,7238,94.9046708,0.551321019,346.714,0.739489757,2.365004953,1
113,4726,120.0437924,50.74565115,0.906257466,4809,77.5714515,0.761030596,277.216,0.772799791,2.365597637,1
114,5973,135.2677147,57.17892838,0.906265304,6180,87.20699399,0.540151926,322.3,0.722573064,2.365691672,1
115,7022,147.4293134,62.30497029,0.906312057,7257,94.55521182,0.580666501,362.021,0.673291547,2.366252847,1
116,7112,147.8905453,62.46606562,0.906418672,7276,95.15923309,0.538135593,352.718,0.718366986,2.367534178,1
117,5793,133.5949267,56.42123689,0.906441831,5930,85.88292428,0.766269841,311.85,0.748551863,2.367812796,1
118,6472,140.4275867,59.23182036,0.906690674,6709,90.77668386,0.732126697,348.085,0.671239887,2.370813286,1
119,6785,144.3587743,60.84233271,0.906844148,6981,92.94584612,0.536194089,342.257,0.727872041,2.372669947,1
120,4433,116.1939725,48.95934176,0.906894063,4564,75.12836283,0.617753623,269.153,0.768969555,2.373274809,1
121,5673,132.4816506,55.72407565,0.907238159,5831,84.98875183,0.591307067,313.011,0.727618022,2.377458021,1
122,5463,129.1862369,54.3029021,0.907363953,5576,83.40088508,0.734866828,300.885,0.758298138,2.378993238,1
123,6264,139.180131,58.45366738,0.907530714,6497,89.30606087,0.57127223,330.709,0.719729966,2.381033342,1
124,6067,136.6145396,57.37269718,0.907542429,6214,87.89052462,0.563481007,320.902,0.740353291,2.381176872,1
125,5709,132.6956228,55.68618329,0.907684381,5834,85.25798825,0.575388027,309.712,0.747917752,2.382918257,1
126,6230,138.2095558,57.99418631,0.907704244,6322,89.06336151,0.839057239,320.105,0.764034545,2.383162254,1
127,4815,122.0421307,51.19475302,0.907762609,4913,78.29845725,0.639952153,284.75,0.746240285,2.383879665,1
128,5771,134.2851441,56.32429689,0.90778397,5929,85.71969093,0.677824759,312.835,0.741020574,2.384142396,1
129,6003,135.9417416,57.01859044,0.907785827,6112,87.42572269,0.620465116,316.558,0.752786151,2.384165244,1
130,6290,139.0147323,58.28623371,0.907856518,6446,89.49121039,0.672008547,322.198,0.76140343,2.385035427,1
131,3865,109.2221888,45.78398888,0.907902169,3985,70.15034455,0.585606061,255.508,0.743961322,2.385597924,1
132,3400,103.2901421,43.28497882,0.907957597,3516,65.79524642,0.613054454,242.117,0.728850092,2.38628145,1
133,6890,146.177056,61.25272911,0.907971892,7052,93.66226809,0.57806863,343.917,0.732018064,2.386457846,1
134,4889,122.8211457,51.46334912,0.90798139,5059,78.89783352,0.571879752,291.359,0.723724085,2.386575063,1
135,5790,133.4634273,55.91659689,0.908002065,5986,85.86068346,0.719076006,315.483,0.731032195,2.386830293,1
136,5807,133.881794,56.00515296,0.908300678,5966,85.98663871,0.703622925,316.194,0.729885004,2.390526352,1
137,5331,128.6889548,53.81889593,0.908350771,5471,82.387135,0.658798814,303.102,0.7291904,2.391148176,1
138,5465,130.2739254,54.48061344,0.90835477,5615,83.41615019,0.607222222,306.907,0.729098899,2.391197843,1
139,4728,121.3226446,50.71577122,0.908436006,4859,77.58786353,0.511688312,285.184,0.730528258,2.392207428,1
140,6125,137.4244119,57.43165941,0.908486346,6288,88.30963827,0.677244582,323.587,0.735078678,2.392833732,1
141,6083,137.9956035,57.66596082,0.908501039,6262,88.00634154,0.653032743,324.563,0.725654115,2.393016634,1
142,6121,137.8932058,57.6131887,0.908534332,6234,88.28079776,0.75363211,322.073,0.741521259,2.393431242,1
143,4548,118.9054023,49.66997344,0.908572682,4647,76.09660603,0.816810345,276.025,0.750124729,2.393909118,1
144,5040,125.2643871,52.32501448,0.908577371,5188,80.10697414,0.574424436,291.302,0.746368785,2.393967558,1
145,4454,117.9279205,49.2484593,0.908624112,4558,75.30610156,0.575526554,273.942,0.745835125,2.394550452,1
146,5301,128.0022172,53.43802216,0.908687345,5416,82.15499271,0.732283465,299.091,0.744665063,2.395339723,1
147,4311,116.0601546,48.44034455,0.908735384,4376,74.08735167,0.878899083,268.026,0.754108849,2.395939907,1
148,5457,130.4457155,54.4259274,0.908800712,5540,83.355073,0.869918699,299.924,0.762327135,2.396756873,1
149,3136,99.32051276,41.43641868,0.908815159,3270,63.18923336,0.734770384,234.781,0.714924239,2.396937668,1
150,5720,132.7560217,55.37329946,0.908857963,5855,85.34008552,0.633444075,309.826,0.748807478,2.397473566,1
151,6987,146.6962997,61.18062105,0.908880638,7242,94.31927003,0.562424535,375.651,0.622202152,2.39775761,1
152,5324,129.037623,53.80876967,0.908906198,5458,82.33302701,0.583388122,300.837,0.739239922,2.398077931,1
153,4879,124.0033857,51.68537529,0.908995392,5021,78.81710309,0.712887201,294.988,0.704582713,2.399196775,1
154,5533,130.83002,54.52957006,0.908999558,5682,83.93351179,0.654947917,307.965,0.733107749,2.399249066,1
155,5097,126.2778934,52.61389592,0.909066214,5252,80.55868643,0.734014977,299.67,0.713243729,2.40008635,1
156,3753,107.8974401,44.94078546,0.90912934,3848,69.1264639,0.586223055,250.912,0.749109947,2.400880158,1
157,3675,107.6060473,44.81011044,0.909168956,3802,68.40435167,0.542996454,252.87,0.722225121,2.401378756,1
158,5007,124.7248074,51.90747401,0.90928407,5145,79.84428847,0.794761905,291.523,0.740358056,2.402829454,1
159,5658,133.0157281,55.34858972,0.909316297,5827,84.87631792,0.746339533,312.248,0.729245028,2.403236086,1
160,5454,130.6999931,54.37499282,0.909351328,5624,83.33215752,0.554268293,311.871,0.704652524,2.403678351,1
161,5259,127.6522495,53.0920322,0.909405116,5372,81.82888711,0.653129657,297.14,0.748498263,2.404357946,1
162,6212,140.3828578,58.3242352,0.909608934,6405,88.93460548,0.666881374,336.803,0.688159974,2.406938681,1
163,4280,115.3967443,47.9325942,0.909651567,4426,73.82049344,0.625730994,274.231,0.715188526,2.407479634,1
164,4705,120.9747517,50.21689738,0.909774743,4794,77.3989151,0.572663096,278.623,0.761615131,2.409044724,1
165,5813,134.4930235,55.81961637,0.909804413,5904,86.03104947,0.528983529,311.005,0.755223412,2.409422211,1
166,5270,128.1784256,53.1936825,0.909822707,5379,81.9144212,0.525318979,297.276,0.749377729,2.40965505,1
167,6133,138.3324882,57.40293611,0.90983805,6293,88.36729105,0.627866503,320.388,0.750810515,2.409850393,1
168,4879,123.9306004,51.41678314,0.909874461,5012,78.81710309,0.665984166,291.224,0.722913536,2.410314159,1
169,6207,139.2741572,57.78159612,0.909877664,6323,88.89880682,0.752728596,320.825,0.757801052,2.410354967,1
170,6875,146.3717849,60.71394419,0.90991595,7035,93.56025796,0.561866623,340.726,0.744169758,2.41084296,1
171,5463,130.9643735,54.28666365,0.910042597,5629,83.40088508,0.598684932,306.634,0.730130428,2.412459428,1
172,7236,150.429964,62.34924866,0.910061336,7453,95.9852142,0.553211009,367.844,0.672018253,2.412698905,1
173,5104,126.4068098,52.38486049,0.910088085,5210,80.61398536,0.788019145,294.219,0.740933276,2.413040879,1
174,5943,136.3800864,56.49175078,0.910175485,6121,86.98771531,0.601518219,321.893,0.720763075,2.414159316,1
175,5006,125.3132385,51.87272624,0.910302119,5170,79.8363148,0.749625636,292.789,0.733822792,2.415782774,1
176,5718,133.3679075,55.20183645,0.910319425,5826,85.32516462,0.593892813,307.776,0.758550524,2.416004902,1
177,7365,152.1134913,62.94989207,0.91035189,7657,96.83702415,0.804918033,365.062,0.694463393,2.416421796,1
178,5994,137.0297517,56.68285423,0.910434333,6334,87.36016158,0.523676394,348.74,0.619331367,2.417481504,1
179,6334,141.1434891,58.36184935,0.910507283,6511,89.80367073,0.712005396,329.128,0.734781582,2.418420435,1
180,6676,144.4331141,59.71033765,0.910544219,6832,92.19624288,0.61051669,336.166,0.742366933,2.418896288,1
181,5753,134.1673184,55.46048507,0.910564024,5951,85.5859048,0.720927318,317.55,0.716935365,2.41915155,1
182,5516,131.609712,54.4026735,0.91056602,5664,83.80447082,0.800813008,305.036,0.744958238,2.419177285,1
183,6445,142.3807955,58.78110107,0.910801612,6583,90.58713411,0.59477667,328.178,0.751993104,2.422220627,1
184,5642,132.723628,54.7883112,0.910821703,5809,84.75622403,0.543859649,322.853,0.680194778,2.422480727,1
185,5170,127.1641483,52.48567756,0.910849074,5277,81.13352233,0.752,294.451,0.749332104,2.422835222,1
186,5296,129.1812458,53.3142954,0.910862818,5506,82.11623852,0.572540541,311.647,0.685223012,2.42301328,1
187,5551,133.1994688,54.92936825,0.911009988,5669,84.06992752,0.525016552,311.51,0.718848061,2.424922642,1
188,7453,153.583387,63.32285358,0.911046891,7720,97.41383027,0.544014599,366.62,0.696800862,2.425402178,1
189,5983,136.8780111,56.43017494,0.911063442,6094,87.27996446,0.801258872,315.431,0.755649016,2.425617344,1
190,5572,133.084582,54.86535794,0.911066552,5775,84.22879996,0.742537313,318.914,0.688452216,2.425657774,1
191,4765,122.1619579,50.3440607,0.911134484,4935,77.89086231,0.738988834,286.264,0.730700321,2.426541607,1
192,6468,142.9495008,58.90687675,0.911146889,6721,90.7486274,0.603358209,340.6,0.700632999,2.426703106,1
193,5698,133.4361583,54.97468691,0.911187269,5796,85.17581186,0.551971326,305.628,0.766559782,2.427229072,1
194,4205,114.4543656,47.13968338,0.911245127,4307,73.17084314,0.54781136,267.246,0.739866625,2.427983334,1
195,6542,144.267473,59.41414409,0.911259219,6785,91.26627582,0.762470863,338.258,0.718495828,2.428167151,1
196,6328,141.3583591,58.21163627,0.911273407,6474,89.76112655,0.54693172,331.893,0.721905165,2.428352271,1
197,5743,134.5195056,55.31763147,0.911534382,5890,85.51148873,0.661635945,314.233,0.730878349,2.43176546,1
198,5326,130.2207659,53.54299328,0.911558263,5510,82.34849006,0.752897936,305.582,0.716729844,2.432078558,1
199,4662,121.9966621,50.15451213,0.911584027,4794,77.04442068,0.612132353,282.244,0.73541536,2.432416486,1
200,5964,137.1638147,56.36935775,0.911651679,6089,87.14126832,0.631913541,316.144,0.749855551,2.43330455,1
201,4933,125.003672,51.36408785,0.911680136,5037,79.25207047,0.550558036,290.047,0.736858714,2.433678416,1
202,5642,133.4399856,54.82410069,0.911702,5769,84.75622403,0.631944444,309.718,0.73911166,2.433965791,1
203,7313,151.6017657,62.26812033,0.911754861,7583,96.49456353,0.552717104,390.125,0.603806625,2.434661025,1
204,6416,142.5335656,58.50998343,0.911860741,6559,90.38310085,0.558836338,331.296,0.734584626,2.436055477,1
205,6290,141.4124755,58.04315267,0.911881825,6444,89.49121039,0.711216644,329.747,0.726940396,2.43633347,1
206,3940,112.1203439,46.01282025,0.911911104,4048,70.82770508,0.503771896,264.418,0.708148034,2.436719665,1
207,5490,131.6302887,53.97675659,0.912057045,5623,83.6067288,0.532906232,312.898,0.704655156,2.438647615,1
208,6745,147.0057745,60.26176523,0.912117939,6977,92.67146664,0.528605016,343.706,0.717492872,2.439453507,1
209,4831,123.4969179,50.62414147,0.912120443,4941,78.42844025,0.688372756,286.116,0.74158786,2.439486662,1
210,5495,131.4621525,53.85539635,0.912236196,5573,83.64479242,0.539996069,302.958,0.752337502,2.441020983,1
211,4177,115.0649959,47.12533466,0.912285856,4260,72.92682345,0.535512821,268.297,0.729193361,2.441680186,1
212,5166,128.7618704,52.72642645,0.912315554,5381,81.10212998,0.598956522,302.11,0.7112693,2.442074669,1
213,3602,107.780575,44.12313831,0.912364277,3737,67.72155373,0.555093235,255.912,0.691149934,2.442722324,1
214,5730,134.5617589,55.08209826,0.912379958,5831,85.41465092,0.532181666,309.111,0.753590762,2.442930883,1
215,5931,136.6195076,55.92340017,0.912383327,6055,86.89984891,0.553781513,314.352,0.754232657,2.442975699,1
216,6278,141.0651834,57.73350774,0.912414083,6426,89.40580441,0.525092004,333.722,0.708372185,2.44338494,1
217,5000,125.9189141,51.5104279,0.912500237,5117,79.78845608,0.666400107,293.922,0.727303504,2.44453248,1
218,5553,132.2525025,54.08801741,0.912545418,5668,84.08507116,0.559891107,302.542,0.762370689,2.445134964,1
219,5905,136.8870215,55.97868866,0.912560912,6108,86.70916625,0.544339971,318.86,0.729843396,2.445341696,1
220,5783,134.9710615,55.19301256,0.91256809,5937,85.80876579,0.594958848,316.683,0.724625404,2.44543748,1
221,6095,139.5753817,57.06421701,0.912605379,6250,88.0931043,0.537477954,323.807,0.730484673,2.445935282,1
222,6525,144.4487392,59.0196392,0.912720115,6709,91.1476167,0.809151786,338.191,0.716912724,2.447469031,1
223,6392,142.4027871,58.145802,0.912839183,6507,90.21389677,0.514405279,331.417,0.731302515,2.449063942,1
224,5521,132.3942597,54.05568063,0.912850828,5678,83.84244466,0.529135519,311.235,0.716227104,2.449220104,1
225,3929,112.4289564,45.89775233,0.912875611,4059,70.72876481,0.753114817,261.858,0.72004593,2.449552554,1
226,5844,135.8156503,55.44460968,0.912877177,5971,86.26014085,0.651505017,317.21,0.729837764,2.449573567,1
227,4758,123.0018106,50.20161732,0.912920592,4870,77.83362868,0.735849057,287.727,0.722225913,2.450156332,1
228,5085,126.6010653,51.66611058,0.91293647,5213,80.46379984,0.541879795,296.2,0.728334216,2.450369573,1
229,6789,146.7290182,59.85390462,0.913017055,6927,92.97323953,0.652036112,340.02,0.737915693,2.451452735,1
230,4890,123.9603486,50.55859111,0.913044034,5010,78.90590202,0.536184211,289.5,0.733198532,2.451815722,1
231,4823,123.4962215,50.35078641,0.913110956,4942,78.3634757,0.644097222,288.779,0.726768189,2.452716836,1
232,5457,131.8083893,53.72745253,0.913152609,5545,83.355073,0.535787923,303.999,0.742026658,2.453278224,1
233,4738,123.0033869,50.13791447,0.913154285,4844,77.66987166,0.503186066,284.343,0.736410273,2.453300825,1
234,5825,136.0519648,55.44610788,0.913189029,5949,86.1198023,0.549528302,312.386,0.750106052,2.453769434,1
235,6073,138.5717146,56.46244162,0.91322302,6361,87.93397384,0.573790627,359.911,0.589145961,2.454228167,1
236,7281,152.0684401,61.93266284,0.913308541,7443,96.2832131,0.767228662,354.483,0.72813192,2.455383527,1
237,5308,131.152746,53.38772664,0.913399077,5513,82.20921787,0.648107448,307.129,0.707129779,2.456608555,1
238,5921,136.7764526,55.66036397,0.913453085,6085,86.82655898,0.53380815,326.626,0.69743449,2.457340248,1
239,6275,141.0341403,57.38530573,0.913477402,6467,89.38444016,0.630273202,332.61,0.712775871,2.45766993,1
240,5602,133.6566273,54.36164284,0.913550138,5816,84.45524217,0.557024958,321.778,0.679892535,2.458656883,1
241,4770,123.4300431,50.18648304,0.913606905,4913,77.93171773,0.705099778,288.273,0.721307267,2.45942803,1
242,5816,136.5709394,55.50969084,0.913671617,6004,86.05324626,0.662640994,321.354,0.707728756,2.460308053,1
243,6177,142.0806537,57.74622982,0.913680702,6386,88.6837114,0.725,344.138,0.655423795,2.460431687,1
244,5349,130.3923317,52.9861638,0.913713276,5463,82.52610693,0.761965812,301.307,0.740395924,2.46087511,1
245,4028,113.3307374,46.05036728,0.913723696,4133,71.61430644,0.551780822,263.151,0.730952703,2.461017015,1
246,5261,129.8095836,52.73574362,0.913759914,5423,81.84444541,0.591655421,298.992,0.739535505,2.461510443,1
247,5657,133.9713999,54.38703038,0.913890843,5762,84.86881703,0.690720391,307.377,0.752407832,2.463296836,1
248,5619,134.6662091,54.66357193,0.913909061,5761,84.58329032,0.513432018,313.296,0.719381386,2.463545729,1
249,6679,146.5902286,59.47327096,0.914001406,6851,92.2169557,0.587940141,342.99,0.713441538,2.464808581,1
250,4537,92.2293165,64.01276874,0.719916226,4677,76.00452496,0.657536232,273.085,0.764509615,1.440795615,2
251,2872,74.69188071,51.40045446,0.725552747,3015,60.47101762,0.713008937,208.317,0.831658201,1.453136582,2
252,3048,76.2931638,52.04349114,0.731210927,3132,62.29634124,0.759153176,210.012,0.868433574,1.465950153,2
253,3073,77.03362772,51.92848667,0.738638695,3157,62.55129991,0.783528812,210.657,0.870203116,1.48345605,2
254,3693,85.12478457,56.37402054,0.749281579,3802,68.5716679,0.769375,230.332,0.874743279,1.51000024,2
255,2990,77.41707342,50.9543441,0.752860889,3080,61.70077989,0.584898279,216.93,0.798439143,1.519341968,2
256,3556,84.32356418,55.41306133,0.753761573,3636,67.28773901,0.750210971,227.007,0.867147782,1.521727227,2
257,3788,86.95241143,56.44476861,0.760664242,3866,69.44804818,0.80067639,235.476,0.85847279,1.540486631,2
258,2629,74.13311404,48.07414422,0.761228217,2790,57.8562595,0.640594542,207.325,0.768594199,1.542057903,2
259,5719,106.7211415,68.97769987,0.763053057,5819,85.33262539,0.754983498,281.839,0.904748313,1.547183245,2
260,2665,74.36402121,48.05318758,0.763177705,2777,58.25103765,0.596730855,202.456,0.817044617,1.547535657,2
261,3231,81.3042004,52.4511359,0.764079502,3330,64.13919994,0.614960031,218.773,0.848319358,1.550094178,2
262,2805,77.04768244,49.24267814,0.769107427,2950,59.76150034,0.603225807,209.823,0.800638639,1.564652561,2
263,3265,83.37848692,52.76486452,0.77428629,3420,64.47578703,0.575837743,227.853,0.790284652,1.580189539,2
264,4301,94.91539197,59.82281961,0.776371784,4427,74.00137351,0.801229508,257.607,0.814449173,1.586608465,2
265,3393,84.05848002,52.95148583,0.776646824,3477,65.72748113,0.68851461,224.485,0.846094886,1.587462159,2
266,3475,84.58114773,53.1912048,0.777504169,3539,66.5169709,0.652214715,221.295,0.891705551,1.590134084,2
267,4577,98.35854914,60.7533301,0.786435754,4652,76.33883282,0.591725921,259.184,0.856198377,1.618982021,2
268,3028,81.27755239,49.16736189,0.796277419,3114,62.09162054,0.753608761,211.667,0.849296679,1.653079386,2
269,3552,88.02937756,53.17603697,0.796930134,3654,67.24988374,0.623705004,232.122,0.82841931,1.65543321,2
270,3852,92.20828955,55.27701192,0.800389846,4023,70.03226918,0.653989813,245.517,0.803032283,1.668112772,2
271,3163,83.82327008,50.02465547,0.802399543,3232,63.46067034,0.584441981,221.38,0.811021355,1.675639128,2
272,3910,92.58932307,55.11140291,0.803559698,4067,70.5575412,0.622809812,252.523,0.770521464,1.680039305,2
273,3505,88.0017938,52.27703901,0.804431698,3586,66.80347749,0.59477346,229.044,0.839576062,1.683373724,2
274,2647,76.78904267,45.52911212,0.805267574,2710,58.05398414,0.59819209,200.587,0.82671961,1.686592141,2
275,3606,88.77990424,52.5886165,0.805682077,3658,67.7591455,0.593092105,227.906,0.872416898,1.688196232,2
276,4136,95.74362731,56.41101106,0.807995866,4217,72.56802848,0.765925926,247.294,0.84989101,1.697250688,2
277,3951,94.12263105,55.39145755,0.808494981,4045,70.92650732,0.606912442,247.032,0.81359911,1.699226473,2
278,3867,92.47994738,54.37937746,0.808851743,3960,70.16849236,0.781212121,240.315,0.841438302,1.700643731,2
279,3177,84.54078476,49.52659704,0.810433374,3247,63.60095938,0.81712963,219.663,0.827395697,1.706977459,2
280,3987,94.17620603,54.94802805,0.812142038,4043,71.2489022,0.594364937,240.915,0.863233761,1.713914209,2
281,4038,95.2470937,55.21937217,0.814795388,4126,71.70314694,0.63610586,244.287,0.850306436,1.724885488,2
282,3426,88.92210563,51.48838799,0.815307665,3548,66.04633737,0.563208943,232.94,0.793430846,1.727032232,2
283,3938,94.26939767,54.30216853,0.817427302,4009,70.80972622,0.841452992,238.395,0.870745605,1.736015342,2
284,3636,91.40038634,52.30281469,0.820087291,3723,68.0404217,0.75529705,235.385,0.824662357,1.747523281,2
285,2965,82.57014058,47.15593922,0.820879385,3068,61.44229203,0.607581967,214.44,0.810257323,1.75100193,2
286,3335,87.97830505,50.23674047,0.820941139,3459,65.1632863,0.625,229.787,0.793697097,1.751274152,2
287,3277,87.3845036,49.64746533,0.822925332,3408,64.59416373,0.630192308,227.562,0.795219134,1.760099997,2
288,3446,89.40212268,50.79059698,0.822949871,3533,66.23883658,0.808350927,229.852,0.819650226,1.760210118,2
289,3697,91.87618278,52.09462225,0.823711598,3772,68.60879387,0.849885058,231.291,0.868444056,1.763640445,2
290,2953,82.87781414,46.99201881,0.823715315,3043,61.31783081,0.692217534,214.338,0.807746273,1.763657239,2
291,3670,92.21294021,51.85164606,0.826931032,3772,68.35780226,0.736947791,235.534,0.831320927,1.778399476,2
292,3415,89.49579817,50.31824228,0.826973165,3534,65.94022327,0.687399356,232.838,0.791576426,1.778595478,2
293,3860,94.63650283,53.13975738,0.827466978,3942,70.10495448,0.815722739,242.845,0.822505549,1.780898286,2
294,3271,87.41286344,49.06935374,0.827577394,3391,64.53500252,0.671387521,226.793,0.799155176,1.781414606,2
295,3657,92.43690606,51.86429927,0.827763047,3725,68.23662517,0.632152118,234.047,0.838935683,1.782283909,2
296,3494,90.07527599,50.52519208,0.827868744,3580,66.69856797,0.725498339,227.934,0.84511253,1.782779486,2
297,3899,95.37622831,53.32667827,0.829087297,3977,70.45822156,0.6421278,240.44,0.847519424,1.788527458,2
298,2522,77.09079003,42.87187941,0.831100711,2579,56.66665803,0.598765432,197.015,0.816500322,1.798166796,2
299,3812,95.00364795,52.78100382,0.831470984,3903,69.66770518,0.596557121,244.123,0.803795109,1.799959097,2
300,3210,87.98665592,48.80975228,0.832023494,3351,63.93042264,0.613884108,226.454,0.786601742,1.802645,2
301,5425,113.5134456,62.96183004,0.832074376,5591,83.11031543,0.560897436,292.569,0.796439869,1.802893047,2
302,3293,88.11593906,48.84442145,0.832303678,3358,64.75166269,0.576505602,222.373,0.836830469,1.804012341,2
303,4935,108.6173366,60.15695607,0.832621093,5193,79.26813454,0.601829268,290.143,0.736669733,1.805565702,2
304,3869,96.60035011,53.42470023,0.833148913,4005,70.18663547,0.727255639,248.428,0.787784638,1.808158955,2
305,3900,95.17012555,52.51306281,0.833989075,3980,70.4672564,0.782818145,236.767,0.874242929,1.812313365,2
306,4571,103.8253162,57.17941587,0.834685363,4658,76.28878003,0.717582418,261.064,0.842805012,1.815781338,2
307,3746,93.9988852,51.71568655,0.835050434,3847,69.06196735,0.635345997,239.34,0.821763909,1.817608766,2
308,4607,105.4041588,57.71611459,0.836760131,4727,76.58860609,0.590641026,268.84,0.801014362,1.826251811,2
309,3466,91.05330784,49.75342248,0.837510773,3539,66.43077797,0.849509804,228.007,0.83780329,1.830091344,2
310,4294,101.45421,55.34456288,0.838102538,4375,73.94112932,0.596388889,254.699,0.831797143,1.833137796,2
311,3992,97.47084902,53.15412282,0.838219144,4057,71.29356396,0.584908425,243.28,0.847593431,1.833740148,2
312,4404,102.8634748,55.96797915,0.839020612,4535,74.88222055,0.613541376,260.512,0.815458208,1.837898676,2
313,4399,102.4485604,55.73154196,0.839088221,4496,74.83970041,0.755841924,257.268,0.835203461,1.838250957,2
314,4042,98.37593738,53.45686204,0.839478002,4144,71.73865234,0.749351131,249.61,0.815233866,1.840286422,2
315,3733,94.53973823,51.36464535,0.839530377,3802,68.94202797,0.61907131,234.817,0.850763371,1.840560518,2
316,3871,96.33549432,52.31804963,0.839679822,3964,70.2047739,0.593256705,240.094,0.843860039,1.84134338,2
317,4126,99.49226615,53.87480874,0.84070239,4265,72.48024808,0.622886473,253.076,0.80953786,1.846730754,2
318,3886,97.77562771,52.84771577,0.841344086,4032,70.340663,0.733069232,251.165,0.774095281,1.850139146,2
319,3931,97.08081574,52.43244079,0.841606851,4003,70.74676424,0.577578607,242.064,0.843048377,1.851541036,2
320,3850,96.40313032,52.0250802,0.841881949,3942,70.01408606,0.671550672,241.481,0.829668616,1.853012623,2
321,4676,106.8064769,57.61952234,0.842001029,4814,77.16001627,0.666096866,274.007,0.782638217,1.853650857,2
322,3764,96.23547918,51.91358009,0.842021957,3864,69.22769422,0.55762963,245.108,0.787307713,1.8537631,2
323,3668,94.00787826,50.70506339,0.84206865,3764,68.33917361,0.677377655,239.356,0.804545396,1.854013623,2
324,4425,104.2664186,56.20161967,0.842293366,4560,75.06054213,0.774684874,266.82,0.781063565,1.855220886,2
325,4483,104.3280876,56.11813541,0.843008304,4598,75.55086286,0.58785733,269.116,0.777856643,1.859079722,2
326,4196,100.7501023,54.05545555,0.843881227,4280,73.09249708,0.820332356,249.882,0.844452833,1.863828568,2
327,4409,103.6999129,55.28355112,0.846045387,4519,74.92471657,0.600108888,263.424,0.798434479,1.875782413,2
328,4702,106.8208342,56.88935479,0.846387239,4779,77.37423563,0.646323024,265.151,0.840438522,1.877694599,2
329,4893,108.9832503,58.02999061,0.846450727,4979,78.93010257,0.625223614,268.932,0.850158921,1.878050455,2
330,4108,101.3157423,53.87284326,0.846912546,4253,72.32197487,0.589467642,256.915,0.782098362,1.880645909,2
331,3797,96.14211158,51.05518917,0.84734752,3872,69.53050087,0.711581709,237.412,0.846535408,1.883101662,2
332,3663,94.00143053,49.88557273,0.847566309,3738,68.29257978,0.753703704,230.804,0.864092271,1.884341011,2
333,3502,93.5356072,49.58314468,0.847935673,3653,66.77488215,0.645054338,240.546,0.760553426,1.886439592,2
334,3866,98.2198269,52.02727997,0.848183557,4003,70.15941904,0.774439103,247.889,0.790600715,1.88785243,2
335,4181,101.1105249,53.53444948,0.848331996,4281,72.96173337,0.642242704,251.05,0.833622792,1.88870019,2
336,3730,95.97894614,50.81390793,0.848355093,3787,68.91432001,0.568597561,236.813,0.835810103,1.888832212,2
337,3810,97.32531129,51.31237346,0.849725489,3917,69.64942689,0.575181159,243.983,0.804295624,1.896722072,2
338,4623,106.8561506,56.29384365,0.849977534,4720,76.72148601,0.789177194,264.644,0.829487132,1.898185373,2
339,4472,106.2162594,55.86103791,0.850535305,4642,75.45811583,0.775312067,274.486,0.74588395,1.901437269,2
340,3951,100.0223281,52.47633057,0.851320389,4085,70.92650732,0.563784247,253.792,0.770834311,1.906046537,2
341,4621,107.515859,56.39083506,0.851417512,4798,76.70488861,0.658262108,277.531,0.753915777,1.90661938,2
342,4709,107.830578,56.55003031,0.851451051,4801,77.43180881,0.824404762,265.248,0.841074214,1.906817334,2
343,4581,106.5972033,55.87488082,0.851614663,4685,76.37218312,0.565625386,266.221,0.812242173,1.907783994,2
344,3243,91.13033539,47.69255121,0.852121255,3431,64.2581967,0.66509434,234.302,0.742343348,1.910787598,2
345,4357,104.1688036,54.50369237,0.852194755,4432,74.48157286,0.53796765,260.732,0.805394671,1.911224709,2
346,4566,107.3323015,56.11190573,0.852463494,4735,76.24704428,0.553790176,272.888,0.770507543,1.91282581,2
347,3554,94.59943367,49.34837868,0.85315581,3659,67.26881404,0.81308625,235.807,0.803181878,1.916971463,2
348,4686,108.0411686,56.32774126,0.853340239,4795,77.24247864,0.566147155,271.738,0.797464573,1.918080969,2
349,3972,99.93602686,52.0746236,0.853508093,4153,71.11474862,0.611076923,253.449,0.777030274,1.91909264,2
350,4019,99.88402006,51.99738757,0.853814335,4107,71.53425564,0.829514964,252.331,0.793207209,1.920943046,2
351,4754,109.0975949,56.64723153,0.854631832,4863,77.80090485,0.66694725,271.228,0.812082213,1.92591221,2
352,4608,107.2664178,55.61545032,0.855089993,4698,76.59691784,0.745631068,264.951,0.824880825,1.928716161,2
353,3878,98.86216016,51.20220775,0.855432012,3952,70.26822151,0.824404762,244.49,0.815258748,1.930818309,2
354,4404,105.5612967,54.66500185,0.855470952,4534,74.88222055,0.594331984,268.492,0.767705186,1.931058138,2
355,3609,95.46121147,49.31615584,0.856221212,3684,67.78732564,0.699147617,235.956,0.814581787,1.935698552,2
356,4493,106.1024587,54.73130459,0.85668828,4635,75.63507966,0.671298371,265.167,0.802984814,1.938606424,2
357,4626,108.1493814,55.7786501,0.856735754,4781,76.74637538,0.589449541,272.761,0.781359586,1.93890281,2
358,4355,104.8104398,53.84724626,0.857934894,4432,74.46447621,0.577279958,257.1,0.827930478,1.946440108,2
359,3448,93.76361246,48.16081418,0.858005337,3554,66.25805574,0.563398693,236.521,0.774529044,1.94688595,2
360,4459,106.3932719,54.55141565,0.858547702,4566,75.34835851,0.590361446,263.639,0.806172585,1.950330173,2
361,4105,101.8422762,52.14737228,0.858961293,4241,72.29556232,0.838439543,254.662,0.795416754,1.952970432,2
362,3992,101.5810398,51.87325399,0.859783443,4141,71.29356396,0.791435369,257.06,0.759156632,1.958254629,2
363,4083,101.986251,52.07642841,0.859805283,4204,72.10157461,0.552129817,253.493,0.798467606,1.958395654,2
364,5037,113.664381,57.90922261,0.860485135,5176,80.08312923,0.724227175,284.386,0.782646035,1.962802744,2
365,3536,95.69548849,48.62133126,0.861307617,3621,67.09824908,0.715789474,237.568,0.787310851,1.96817911,2
366,5011,113.8714491,57.72255233,0.86199911,5179,79.87617516,0.556221556,283.977,0.780850572,1.972737596,2
367,3829,99.79394795,50.57754473,0.862052047,4031,69.82287746,0.723544974,254.977,0.740104792,1.973088027,2
368,4388,106.4473886,53.8901512,0.862380367,4470,74.74607095,0.575399948,263.299,0.795386222,1.975266097,2
369,4684,110.4464398,55.8747349,0.862592766,4791,77.22599321,0.568446602,274.318,0.78220059,1.976679441,2
370,4319,105.3373586,53.28323892,0.86263072,4394,74.15606242,0.795103093,256.647,0.823987615,1.976932348,2
371,5784,122.1912997,61.75362721,0.862894078,5917,85.81618453,0.752341311,301.985,0.797016671,1.978690245,2
372,4126,103.5232905,52.31378371,0.862924147,4258,72.48024808,0.742754275,255.796,0.792412996,1.978891282,2
373,3803,99.47215247,50.26503783,0.862933391,3911,69.58541506,0.542742971,246.555,0.786155688,1.978953101,2
374,3982,100.5093206,50.6631383,0.863666257,4058,71.20421243,0.606919677,243.849,0.841529145,1.983874746,2
375,4408,106.9605737,53.91266267,0.863678918,4499,74.91621929,0.808214155,264.28,0.793090693,1.983960139,2
376,3495,96.35268965,48.55849663,0.863723389,3656,66.70811202,0.713993871,240.603,0.758673593,1.984260147,2
377,4371,106.0365044,53.38323965,0.864028969,4460,74.60113974,0.623715753,256.509,0.834805795,1.986325767,2
378,4039,102.2953523,51.4952914,0.86405457,4137,71.71202494,0.553591009,251.807,0.800475639,1.986499144,2
379,5472,118.8225877,59.81104559,0.864074307,5649,83.46955606,0.606921029,295.612,0.786886027,1.986632846,2
380,2985,89.54280748,44.87519946,0.865355119,3078,61.64916902,0.80762987,225.237,0.739391972,1.995374027,2
381,4733,110.5368768,55.38850592,0.865397365,4819,77.62887842,0.606794872,266.682,0.836293963,1.995664532,2
382,3772,99.60332963,49.89166435,0.865503093,3896,69.30122339,0.64379587,250.098,0.757811359,1.996392202,2
383,3661,97.69259544,48.90235887,0.865693836,3732,68.27393334,0.596448355,238.547,0.80846584,1.997707221,2
384,4837,112.173828,56.14063497,0.865748729,4938,78.47712837,0.788298566,275.362,0.801637337,1.9980862,2
385,3141,90.76577027,45.3742466,0.866080346,3194,63.23958736,0.543896104,223.117,0.792889153,2.000380768,2
386,4194,104.6666913,52.30336252,0.86619073,4285,73.07507544,0.547805643,256.711,0.799740948,2.001146508,2
387,4199,103.9579819,51.93962023,0.866243946,4292,73.11862176,0.714115646,254.771,0.812934875,2.001516019,2
388,3957,102.320702,51.07711152,0.866494578,4109,70.98034149,0.603661327,253.068,0.776428464,2.003259365,2
389,4994,114.2651167,56.98886817,0.866750215,5144,79.74056864,0.709879176,285.254,0.771249536,2.005042746,2
390,3937,102.4749007,51.07067636,0.866962983,4133,70.80073508,0.662794613,256.524,0.751829344,2.006531105,2
391,4245,105.6187899,52.60182365,0.867157094,4365,73.5180377,0.562698834,260.959,0.783326826,2.007892171,2
392,5273,117.2504881,58.37701343,0.867244265,5367,81.93773318,0.570670996,286.773,0.805732935,2.008504397,2
393,3641,98.21898138,48.83939057,0.867607294,3726,68.08718809,0.554945892,241.542,0.784233206,2.011060749,2
394,4715,110.6894983,55.03698356,0.867624752,4832,77.48112321,0.79430593,269.449,0.816090663,2.011183955,2
395,4896,113.0982598,56.19223391,0.867839657,5066,78.95429571,0.599265606,289.962,0.731760731,2.01270268,2
396,4236,105.6451601,52.48729068,0.867850021,4326,73.44006203,0.535051156,260.888,0.782091577,2.012776022,2
397,4535,109.7356066,54.49081793,0.867999767,4698,75.98777096,0.664468865,274.329,0.757257729,2.013836657,2
398,4976,114.1212737,56.6442029,0.868121957,5093,79.59673344,0.680339076,277.133,0.814167476,2.014703498,2
399,4234,105.6400951,52.4323366,0.868134,4329,73.42272286,0.677006716,259.741,0.788641635,2.014789001,2
400,4296,106.25667,52.68167884,0.868438765,4390,73.95834695,0.850693069,259.409,0.80223953,2.016956794,2
401,4649,110.7022218,54.83454494,0.868702764,4768,76.9369264,0.576942169,273.621,0.780316084,2.018840896,2
402,3791,99.93450497,49.44130516,0.869042704,3886,69.47554328,0.643851902,243.201,0.805439521,2.021275625,2
403,4955,114.9422326,56.80713383,0.869334971,5185,79.42859651,0.592561588,290.011,0.740328692,2.023376728,2
404,4996,115.7543147,57.07943418,0.869967831,5170,79.75653431,0.592223803,289.043,0.751462618,2.027951335,2
405,5166,116.4812077,57.40544291,0.870125573,5285,81.10212998,0.623762376,286.844,0.788992229,2.029096926,2
406,4889,113.4990733,55.91833049,0.870212519,4971,78.89783352,0.870238519,274.262,0.81676783,2.029729291,2
407,4379,107.2441145,52.81908582,0.870305271,4495,74.6693777,0.643970588,263.678,0.791474665,2.030404595,2
408,6374,129.5767591,63.76230696,0.870549219,6476,90.08678515,0.662233766,314.656,0.809002546,2.032184299,2
409,4881,113.8160966,55.96674868,0.87074793,4965,78.83325579,0.852725367,275.478,0.808248354,2.033637817,2
410,4840,113.0192872,55.41384666,0.871551294,4962,78.50146111,0.68945869,274.396,0.807792234,2.039549572,2
411,4324,107.4234632,52.61238315,0.871853802,4399,74.19897433,0.542670683,261.978,0.791709588,2.041790482,2
412,4098,104.3378697,51.01698501,0.872306528,4223,72.23389547,0.6271809,252.837,0.805564948,2.045159464,2
413,4398,108.0842945,52.78024542,0.872661936,4496,74.83119348,0.597554348,261.29,0.809504955,2.047817202,2
414,4438,108.3345087,52.88819805,0.872735442,4524,75.1707197,0.563770325,261.474,0.815718178,2.048368308,2
415,4342,107.9361607,52.65198942,0.872951636,4461,74.35325214,0.557381258,266.484,0.768347011,2.049992068,2
416,4076,104.1744438,50.8078401,0.873000757,4182,72.0397417,0.617575758,255.914,0.782088589,2.050361589,2
417,3673,99.21752118,48.33770705,0.873296434,3760,68.3857357,0.797092014,241.24,0.793107675,2.05259056,2
418,5086,117.3431374,57.06786443,0.873773432,5276,80.47171133,0.592773893,299.803,0.711073136,2.056203409,2
419,4582,110.2029953,53.56818644,0.873910711,4674,76.38051842,0.633222775,269.51,0.79271154,2.057247083,2
420,4444,109.3320256,53.09012652,0.874188772,4539,75.22151645,0.741655541,265.364,0.793048786,2.059366454,2
421,4515,109.8055701,53.23867944,0.874600106,4629,75.82002733,0.577291906,266.923,0.79633467,2.062514909,2
422,3320,104.9579846,50.87502689,0.874670474,4375,65.01657703,0.409927152,488.837,0.174590178,2.063055118,2
423,3821,100.5480488,48.73552413,0.874681096,3898,69.74989821,0.820661512,240.926,0.82721721,2.063136708,2
424,4117,105.5405362,51.14681966,0.874726022,4264,72.40115473,0.784190476,262.743,0.749425424,2.063481892,2
425,4080,104.272109,50.51191604,0.874833328,4159,72.07508129,0.756957328,250.412,0.817635526,2.064307142,2
426,5358,119.2490531,57.70866139,0.875104544,5447,82.59550521,0.600134409,287.087,0.816931269,2.066397837,2
427,4429,109.3909238,52.90751618,0.875258481,4600,75.09446014,0.691491023,276.786,0.726486094,2.067587589,2
428,4814,113.5868234,54.92957964,0.875294022,4913,78.29032615,0.803002502,275.818,0.795189689,2.0678626,2
429,4575,111.231913,53.76839227,0.875405122,4671,76.3221522,0.545747346,270.638,0.784916415,2.068723061,2
430,4173,105.9127833,51.19004627,0.875442302,4293,72.89189681,0.735849057,257.666,0.7898489,2.069011284,2
431,4837,114.7953243,55.47569683,0.875478285,4963,78.47712837,0.589303119,282.031,0.764173999,2.069290354,2
432,5056,116.3895145,56.20142521,0.875690057,5197,80.23402731,0.726436782,283.873,0.788440191,2.070935285,2
433,4771,114.015075,55.04964734,0.875715319,4887,77.93988625,0.579075131,279.955,0.764967217,2.071131797,2
434,4158,107.0147691,51.66774487,0.875725418,4314,72.76077258,0.6875,265.778,0.739701145,2.071210372,2
435,3832,101.9698018,49.22548543,0.875760566,3908,69.85022502,0.782040816,247.69,0.78490739,2.071483926,2
436,6946,136.3036028,65.73847541,0.876009151,7115,94.04212821,0.594437313,338.782,0.760508352,2.073422024,2
437,4188,106.5811347,51.36513446,0.876207201,4302,73.02278558,0.587542088,261.405,0.770173828,2.074970421,2
438,5672,123.0789249,59.31319017,0.876219713,5786,84.98126086,0.655116655,296.222,0.812290673,2.075068371,2
439,4952,115.7148758,55.6734017,0.876651614,5051,79.40454789,0.661148198,279.019,0.799324168,2.078458874,2
440,4213,107.1803967,51.56715505,0.876652071,4339,73.24041372,0.636020531,264.24,0.758235653,2.078462475,2
441,3467,97.97380616,47.13315533,0.876677165,3598,66.44036049,0.614716312,240.017,0.756274922,2.078660032,2
442,3860,102.1971523,49.12511552,0.87689078,3948,70.10495448,0.614747571,245.889,0.802267072,2.080344263,2
443,5077,117.4265099,56.3920177,0.877141276,5196,80.4004799,0.54241453,288.61,0.765939166,2.08232503,2
444,3744,100.4167531,48.12622906,0.877670279,3846,69.0435287,0.72,242.167,0.802261185,2.086528594,2
445,4374,109.0780728,52.25358497,0.877788945,4502,74.62673629,0.736859838,268.59,0.761919282,2.087475392,2
446,4562,111.7569232,53.44922494,0.878216546,4695,76.21363922,0.546216475,278.618,0.738493716,2.090898855,2
447,4375,109.2448278,52.17637903,0.878572174,4455,74.63526652,0.546601699,261.724,0.802603082,2.093760238,2
448,4298,108.0691562,51.53272243,0.87898496,4386,73.97556058,0.598940914,259.272,0.803461442,2.097097749,2
449,3206,93.52974726,44.55523434,0.879242202,3283,63.89057818,0.592387288,226.049,0.788439188,2.099186519,2
450,4515,110.9722142,52.84775827,0.879323385,4690,75.82002733,0.594078947,271.783,0.768109333,2.099847143,2
451,3503,98.37247663,46.83791704,0.879375842,3592,66.78441529,0.514692918,240.295,0.762360758,2.100274369,2
452,4819,114.6402584,54.57328405,0.879423933,4919,78.33097322,0.565079737,276.798,0.790389013,2.100666294,2
453,5206,119.6187778,56.90043992,0.879617592,5316,81.41550878,0.83030303,287.436,0.791829553,2.102246978,2
454,4139,106.9162059,50.79355129,0.879943617,4290,72.5943419,0.614003857,263,0.751958363,2.104916927,2
455,4108,106.3301589,50.51491056,0.879944748,4244,72.32197487,0.616446579,261.701,0.753753835,2.104926204,2
456,4107,106.2923105,50.49647509,0.879947057,4184,72.31317176,0.536582179,256.199,0.786284485,2.104945153,2
457,5786,125.5554308,59.62625047,0.880039868,5945,85.83102007,0.623491379,307.304,0.769931108,2.105707298,2
458,5116,118.2361891,56.14671184,0.880056444,5248,80.70869539,0.588045977,288.913,0.77020482,2.105843517,2
459,5276,120.7283328,57.29556014,0.880210999,5434,81.96103854,0.577875137,292.865,0.773000377,2.107114975,2
460,4275,108.6018895,51.52527338,0.880286885,4388,73.77736139,0.768332135,263.752,0.772243853,2.107740189,2
461,3716,100.698893,47.73887538,0.880484211,3786,68.7848686,0.635430917,239.364,0.815019317,2.109368773,2
462,5197,119.0035819,56.38621395,0.880622003,5393,81.34510381,0.753516022,289.902,0.777070027,2.110508466,2
463,4043,106.5010619,50.38129497,0.881030704,4174,71.74752595,0.548426479,262.446,0.737621708,2.113900842,2
464,3709,100.7357227,47.64940038,0.881054947,3788,68.72005145,0.772708333,240.529,0.805622906,2.11410263,2
465,5278,120.0379792,56.65960303,0.881591069,5388,81.97657176,0.792016807,289.009,0.794065843,2.118581367,2
466,4506,111.0079213,52.32413559,0.881943587,4599,75.7444215,0.581869835,264.923,0.806792259,2.121543339,2
467,4148,106.9693936,50.40674957,0.882012553,4232,72.673225,0.813333333,255.109,0.800934592,2.122124407,2
468,5896,127.0139951,59.84329211,0.882050377,6092,86.64306294,0.610351967,309.264,0.774655487,2.122443312,2
469,4203,107.2992964,50.52718252,0.882186875,4281,73.15344016,0.668947955,255.102,0.811599045,2.123595479,2
470,3910,104.3388145,49.10437226,0.882333753,4075,70.5575412,0.6109375,259.808,0.72791653,2.124837558,2
471,4846,116.4064279,54.73755333,0.882545011,5006,78.55010397,0.628942245,289.067,0.72877966,2.126628263,2
472,3302,96.29743756,45.24113928,0.882769548,3423,64.84008773,0.537609899,233.736,0.759513885,2.128536971,2
473,4449,111.2556534,52.19604698,0.883116313,4558,75.26382089,0.709569378,269.177,0.77160738,2.131495771,2
474,4347,109.3557051,51.28416875,0.883215923,4420,74.3960503,0.570247934,260.209,0.806779542,2.132348203,2
475,4381,110.4948924,51.78753009,0.883364255,4477,74.68642745,0.738039084,267.193,0.771139527,2.133619661,2
476,4170,107.6272465,50.44282234,0.883367603,4280,72.86569084,0.626502404,260.354,0.77306749,2.133648387,2
477,6082,129.098407,60.41631466,0.883735602,6204,87.99910744,0.661374511,308.106,0.805111386,2.136813669,2
478,5361,122.0585037,56.94218191,0.884513032,5510,82.61862501,0.609204546,293.758,0.780685775,2.143551574,2
479,4506,111.7058775,51.9735486,0.885168084,4593,75.7444215,0.772633745,263.959,0.812695963,2.149283251,2
480,5623,125.2441841,58.1835187,0.885541309,5786,84.61339114,0.5659219,303.047,0.769410253,2.1525715,2
481,4390,110.6219338,51.36922513,0.885642633,4557,74.76310321,0.739555256,276.911,0.719438986,2.153467052,2
482,4542,113.0268924,52.40467224,0.886019582,4719,76.04639381,0.609255533,283.196,0.711676727,2.156809452,2
483,5642,125.8670623,58.21205006,0.886625358,5759,84.75622403,0.639972777,301.902,0.777877063,2.162216624,2
484,4466,111.7161753,51.64579845,0.886726332,4551,75.40747845,0.576853526,264.342,0.803149216,2.163122241,2
485,4707,115.8966117,53.48524695,0.887144874,4834,77.4153637,0.833097345,281.35,0.747240192,2.166889345,2
486,4925,118.2847646,54.53488492,0.887375502,5035,79.18778162,0.877896613,280.448,0.78688525,2.168974314,2
487,2656,86.56781638,39.90651744,0.887407612,2721,58.15259436,0.695652174,207.697,0.773708713,2.169265121,2
488,3215,96.03513343,44.11935531,0.888225108,3294,63.98019331,0.843168109,230.728,0.758909935,2.176712075,2
489,5188,121.0072161,55.57226815,0.888308327,5350,81.27463785,0.561471862,295.728,0.74546102,2.177474846,2
490,5366,123.1519679,56.4790283,0.888636372,5587,82.65714365,0.628263669,299.083,0.753836351,2.180490204,2
491,3735,102.3709892,46.94326548,0.888663325,3821,68.96049376,0.654803647,242.407,0.798748686,2.18073856,2
492,6063,131.2915779,60.17811905,0.888769328,6203,87.86154654,0.789453125,313.372,0.77584873,2.181716211,2
493,5443,123.6655012,56.66273543,0.888852444,5545,83.24808011,0.674975198,291.54,0.804733164,2.182483784,2
494,4118,107.8182786,49.3411712,0.889141328,4217,72.40994714,0.693733154,255.689,0.791538634,2.185158479,2
495,4886,117.4406074,53.63079347,0.889639703,4985,78.87362307,0.578498698,281.305,0.775904773,2.189798059,2
496,5083,120.0834497,54.82157996,0.889708521,5179,80.44797453,0.534827441,286.377,0.778849783,2.190441243,2
497,4432,112.3670498,51.29491408,0.889726353,4550,75.11988859,0.601193706,270.823,0.759343932,2.190608013,2
498,5020,119.8737416,54.71854525,0.889739752,5104,79.94787373,0.528421053,285.799,0.772310913,2.190733345,2
499,4035,107.3117282,48.93080224,0.889995749,4150,71.67650635,0.58469787,258.503,0.758791099,2.193132409,2
500,3379,99.01478925,44.63155114,0.892646995,3491,65.5917405,0.653578337,237.593,0.752195573,2.218493122,2
